proto,FN,FP,TN,TP
3pc,19,0,0,0
a/n,12,0,0,0
aes-sp3-d,14,0,0,0
any,69,0,0,0
argus,19,0,0,0
aris,22,0,0,0
arp,0,529,52,0
ax.25,18,0,0,0
bbn-rcc,21,0,0,0
bna,12,0,0,0
br-sat-mon,17,0,0,0
cbt,18,0,0,0
cftp,25,0,0,0
chaos,25,0,0,0
compaq-peer,20,0,0,0
cphb,23,0,0,0
cpnx,23,0,0,0
crtp,21,0,0,0
crudp,19,0,0,0
dcn,28,0,0,0
ddp,11,0,0,0
ddx,18,0,0,0
dgp,16,0,0,0
egp,18,0,0,0
eigrp,20,0,0,0
emcon,20,0,0,0
encap,9,0,0,0
etherip,26,0,0,0
fc,16,0,0,0
fire,14,0,0,0
ggp,25,0,0,0
gmtp,16,0,0,0
gre,51,0,0,0
hmp,25,0,0,0
i-nlsp,22,0,0,0
iatp,19,0,0,0
ib,21,0,0,0
icmp,0,0,7,0
idpr,27,0,0,0
idpr-cmtp,17,0,0,0
idrp,18,0,0,0
ifmp,15,0,0,0
igmp,0,0,5,0
igp,15,0,0,0
il,18,0,0,0
ip,22,0,0,0
ipcomp,17,0,0,0
ipcv,21,0,0,0
ipip,21,0,0,0
iplt,17,0,0,0
ipnip,28,0,0,0
ippc,25,0,0,0
ipv6,51,0,0,0
ipv6-frag,19,0,0,0
ipv6-no,15,0,0,0
ipv6-opts,11,0,0,0
ipv6-route,23,0,0,0
ipx-n-ip,22,0,0,0
irtp,24,0,0,0
isis,16,0,0,0
iso-ip,10,0,0,0
iso-tp4,23,0,0,0
kryptolan,23,0,0,0
l2tp,17,0,0,0
larp,20,0,0,0
leaf-1,21,0,0,0
leaf-2,12,0,0,0
merit-inp,11,0,0,0
mfe-nsp,25,0,0,0
mhrp,24,0,0,0
micp,17,0,0,0
mobile,38,0,0,0
mtp,26,0,0,0
mux,20,0,0,0
narp,19,0,0,0
netblt,16,0,0,0
nsfnet-igp,18,0,0,0
nvp,21,0,0,0
ospf,278,11,0,218
pgm,16,0,0,0
pim,39,0,0,0
pipe,19,0,0,0
pnni,21,0,0,0
pri-enc,15,0,0,0
prm,25,0,0,0
ptp,15,0,0,0
pup,18,0,0,0
pvp,26,0,0,0
qnx,19,0,0,0
rdp,19,0,0,0
rsvp,31,0,0,0
rvd,16,0,0,0
sat-expak,19,0,0,0
sat-mon,15,0,0,0
sccopmce,17,0,0,0
scps,24,0,0,0
sctp,200,0,0,36
sdrp,23,0,0,0
secure-vmtp,15,0,0,0
sep,40,0,0,0
skip,22,0,0,0
sm,21,0,0,0
smp,23,0,0,0
snp,22,0,0,0
sprite-rpc,28,0,0,0
sps,21,0,0,0
srp,19,0,0,0
st2,24,0,0,0
stp,15,0,0,0
sun-nd,41,0,0,0
swipe,39,0,0,0
tcf,20,0,0,0
tcp,4979,4208,3618,3209
tlsp,19,0,0,0
tp++,20,0,0,0
trunk-1,21,0,0,0
trunk-2,19,0,0,0
ttp,24,0,0,0
udp,7687,201,2569,2224
unas,2393,0,0,0
uti,17,0,0,0
vines,20,0,0,0
visa,23,0,0,0
vmtp,17,0,0,0
vrrp,18,0,0,0
wb-expak,20,0,0,0
wb-mon,24,0,0,0
wsn,18,0,0,0
xnet,25,0,0,0
xns-idp,20,0,0,0
xtp,18,0,0,0
zero,20,0,0,0
