feature,TN_mean,FP_mean,absolute_difference
dtcpb,1156904784.4298513,1841679496.586179,684774712.1563277
stcpb,1196556399.4759238,1836582275.1778138,640025875.70189
sload,18145263.062159475,24688774.47319015,6543511.411030676
dload,944011.844839714,3484074.3935194365,2540062.5486797225
dbytes,3913.0833466645336,67182.9684784805,63269.885131815965
response_body_len,1.696048632218845,9916.961406344715,9915.265357712497
sjit,1127.7699029168132,9709.1188746472,8581.348971730387
rate,16049.756695929293,8856.013999402707,7193.742696526586
sinpkt,23.494198269556872,6449.844507919176,6426.350309649619
sbytes,1662.0961446168612,6987.075974944433,5324.979830327572
djit,97.81575178771395,2092.2354795704186,1994.4197277827047
dmean,142.3882578787394,400.1953930086886,257.8071351299492
dinpkt,25.529345694768836,228.78698030511214,203.2576346103433
swin,147.54855223164293,216.77429783794707,69.22574560630414
dwin,145.47720364741642,211.46676096181048,65.98955731439406
dpkts,12.10958246680531,71.63406748838149,59.52448502157618
spkts,13.072628379459287,53.10486967064053,40.03224129118124
smean,122.55319148936171,159.91877146898364,37.36557997962193
sttl,89.08302671572548,54.83451202263083,34.24851469309465
dloss,3.287314029755239,28.598706809456456,25.311392779701215
dttl,73.09262517997121,51.67407557082239,21.41854960914882
sloss,2.5719084946408572,7.907860173772479,5.335951679131622
dur,0.23346393217085268,1.94553601778137,1.7120720856105174
ct_dst_src_ltm,3.3113101903695408,4.472014548393615,1.160704358024074
ct_srv_src,5.185250359942409,6.335017175186906,1.1497668152444973
ct_srv_dst,5.059990401535754,6.028490604162457,0.9685002026267027
ct_src_ltm,3.6147816349384096,4.51889270559709,0.9041110706586806
ct_dst_ltm,3.1153415453527438,3.8771468983633057,0.761805353010562
ct_src_dport_ltm,1.4564069748840185,2.135582946049707,0.6791759711656884
ct_dst_sport_ltm,1.0343944968804992,1.3275409173570418,0.2931464204765426
ct_flw_http_mthd,0.011198208286674132,0.2693473428975551,0.25814913461088096
trans_depth,0.011198208286674132,0.21175995150535462,0.20056174321868048
ct_state_ttl,0.40137577987521994,0.5938573449181653,0.1924815650429454
is_sm_ips_ports,0.007518796992481203,0.1036573045059608,0.0961385075134796
ct_ftp_cmd,0.0,0.03859365528389574,0.03859365528389574
is_ftp_login,0.0,0.03859365528389574,0.03859365528389574
synack,0.016756220924652055,0.01779592766215397,0.001039706737501915
tcprtt,0.03088304175331947,0.031817370781976155,0.0009343290286566858
ackdat,0.014126820828667414,0.014021443119822187,0.00010537770884522756
