feature,TP_mean,FN_mean,absolute_difference
dtcpb,1249518153.0211008,572417511.6580684,677100641.3630323
stcpb,1220375364.6653771,577285297.3485315,643090067.3168457
sload,92790535.66652009,97755057.14748208,4964521.480961993
dload,62558.13411921698,3113.7058944101855,59444.42822480679
sbytes,45883.63970458941,704.4386756132438,45179.20102897617
dbytes,25339.335150342886,292.72758772412277,25046.607562618763
rate,114526.50186265729,138563.5262104251,24037.024347767816
sjit,13861.18078187744,1305.057409609009,12556.12337226843
response_body_len,5789.6465623351505,6.046089539104609,5783.600472796046
djit,1509.0569671069106,84.53031237163128,1424.5266547352794
sinpkt,322.606044757693,35.92055578759213,286.68548897010083
dinpkt,193.5960936323193,26.802549815751842,166.79354381656748
dmean,183.09020573237208,25.272137278627213,157.81806845374487
smean,254.21223843854403,100.6539984600154,153.55823997852863
dwin,143.8886935115175,69.82977670223298,74.05891680928451
swin,143.8886935115175,69.82977670223298,74.05891680928451
dttl,142.9787234042553,69.57122428775712,73.40749911649819
sttl,185.53226657288553,241.67682323176768,56.14455665888215
spkts,48.7183049059258,5.24639753602464,43.47190736990116
dpkts,30.675927554070686,2.5398746012539877,28.136052952816698
sloss,18.627219975382452,0.8073919260807392,17.819828049301712
dloss,11.196237031826973,0.6068639313606864,10.589373100466286
ct_dst_ltm,11.589941972920697,6.1634033659663405,5.426538606954356
ct_src_ltm,12.26323193247758,7.051369486305137,5.211862446172444
ct_src_dport_ltm,10.934939335326183,5.870586294137059,5.064353041189124
dur,4.841886256550026,0.4337613002419975,4.408124956308029
ct_dst_src_ltm,13.790926674872516,10.077934220657793,3.7129924542147226
ct_srv_src,13.680147705292773,10.08288417115829,3.597263534134484
ct_srv_dst,13.419905046597503,9.901990980090199,3.517914066507304
ct_dst_sport_ltm,6.167223492175136,5.436090639093609,0.7311328530815269
ct_flw_http_mthd,0.36891155266397047,0.061764382356176435,0.30714717030779404
trans_depth,0.25690170564445225,0.06159938400615994,0.1953023216382923
ct_state_ttl,1.5561807631440128,1.7182378176218238,0.16205705447781105
ct_ftp_cmd,0.056972041498153686,0.0,0.056972041498153686
is_ftp_login,0.056972041498153686,0.0,0.056972041498153686
tcprtt,0.08638317179532266,0.03382431052689473,0.05255886126842793
ackdat,0.04341392896078776,0.01693578869211308,0.02647814026867468
synack,0.042969242834534904,0.01688852183478165,0.026080720999753254
is_sm_ips_ports,0.0,0.0,0.0
